{"cameraMode":{"drawMode":0,"name":"Shaded","section":"Shading Mode"},"sceneLighting":true,"audioPlay":false,"sceneViewState":{"showFog":false,"showMaterialUpdate":false,"showSkybox":false,"showFlares":false,"showImageEffects":false,"showParticleSystems":true},"in2DMode":false,"pivot":{"x":-4.720860481262207,"y":-5.451169013977051,"z":0.8407440185546875},"rotation":{"x":0.24403366446495057,"y":-0.19875171780586244,"z":0.051173530519008639,"w":0.9478009343147278},"size":24.552053451538087,"orthographic":false}